chi,elevation,flow distance,drainage area
19.111,1602,95927,1.41E+07
19.08,1594,95877,1.41E+07
19.05,1584,95827,1.42E+07
19.007,1577,95756,1.42E+07
18.977,1577,95706,1.42E+07
18.934,1577,95636,1.43E+07
18.904,1575,95586,1.43E+07
18.874,1572,95536,1.77E+07
18.847,1571,95486,1.77E+07
18.808,1569,95415,1.78E+07
18.781,1561,95365,1.78E+07
18.753,1561,95315,1.78E+07
18.715,1557,95244,1.78E+07
18.676,1556,95174,1.79E+07
18.649,1556,95124,1.79E+07
18.61,1550,95053,1.80E+07
18.583,1545,95003,1.80E+07
18.556,1544,94953,1.80E+07
18.517,1542,94882,1.81E+07
18.479,1542,94812,1.82E+07
18.452,1542,94762,1.82E+07
18.414,1542,94691,1.82E+07
18.375,1542,94620,1.82E+07
18.348,1539,94570,1.83E+07
18.31,1527,94499,1.83E+07
18.283,1527,94449,1.83E+07
18.256,1524,94399,1.84E+07
18.229,1524,94349,1.84E+07
18.203,1523,94299,1.85E+07
18.176,1521,94249,1.85E+07
18.149,1520,94199,1.85E+07
18.111,1517,94129,1.85E+07
18.073,1512,94058,1.86E+07
18.035,1512,93987,1.87E+07
17.997,1512,93917,1.87E+07
17.96,1512,93846,1.88E+07
17.933,1509,93796,1.88E+07
17.906,1508,93746,1.88E+07
17.88,1507,93696,1.88E+07
17.853,1505,93646,1.88E+07
17.826,1504,93596,1.89E+07
17.8,1504,93546,1.89E+07
17.773,1504,93496,1.89E+07
17.747,1502,93446,1.89E+07
17.72,1499,93396,1.89E+07
17.693,1488,93346,1.89E+07
17.656,1456,93275,1.89E+07
17.629,1456,93225,1.98E+07
17.592,1456,93154,1.98E+07
17.556,1456,93084,1.99E+07
17.519,1456,93013,1.99E+07
17.482,1456,92942,1.99E+07
17.445,1456,92872,1.99E+07
17.409,1456,92801,1.99E+07
17.383,1456,92751,2.02E+07
17.357,1443,92701,2.02E+07
17.331,1419,92651,2.02E+07
17.305,1409,92601,2.02E+07
17.269,1409,92530,2.03E+07
17.243,1408,92480,2.03E+07
17.217,1408,92430,2.03E+07
17.181,1396,92359,2.03E+07
17.145,1393,92289,2.08E+07
17.109,1393,92218,2.08E+07
17.083,1388,92168,2.09E+07
17.047,1384.1,92097,2.09E+07
17.011,1384.1,92027,2.10E+07
16.986,1384.1,91977,2.10E+07
16.95,1384.1,91906,2.10E+07
16.914,1384.1,91835,2.11E+07
16.878,1384.1,91764,2.11E+07
16.853,1384.1,91714,2.11E+07
16.817,1384.1,91644,2.11E+07
16.782,1384.1,91573,2.11E+07
16.746,1384.1,91502,2.11E+07
16.71,1384,91432,2.64E+07
16.678,1384,91361,2.64E+07
16.645,1384,91290,2.69E+07
16.613,1384,91219,2.69E+07
16.581,1384,91149,2.70E+07
16.549,1384,91078,2.70E+07
16.517,1384,91007,2.70E+07
16.485,1384,90937,2.72E+07
16.463,1384,90887,2.72E+07
16.44,1384,90837,2.72E+07
16.418,1384,90787,2.72E+07
16.395,1384,90737,2.73E+07
16.373,1384,90687,2.73E+07
16.35,1381,90637,2.73E+07
16.318,1372,90566,2.73E+07
16.286,1360,90495,3.27E+07
16.257,1348,90424,3.27E+07
16.228,1348,90354,3.30E+07
16.207,1348,90304,3.30E+07
16.186,1348,90254,3.30E+07
16.165,1348,90204,3.30E+07
16.145,1338,90154,3.31E+07
16.124,1338,90104,3.32E+07
16.095,1338,90033,3.32E+07
16.074,1338,89983,3.32E+07
16.045,1338,89912,3.32E+07
16.016,1338,89842,3.37E+07
15.987,1338,89771,3.38E+07
15.958,1338,89700,3.38E+07
15.929,1336,89630,3.39E+07
15.909,1333,89580,3.39E+07
15.88,1333,89509,3.39E+07
15.859,1333,89459,3.39E+07
15.831,1332,89388,3.39E+07
15.81,1326,89338,3.40E+07
15.781,1325,89267,3.40E+07
15.752,1313,89197,3.41E+07
15.732,1310,89147,3.50E+07
15.704,1309,89076,3.51E+07
15.675,1309,89005,3.52E+07
15.655,1309,88955,3.57E+07
15.635,1309,88905,3.57E+07
15.607,1309,88835,3.57E+07
15.579,1309,88764,3.58E+07
15.55,1309,88693,3.58E+07
15.522,1309,88622,3.59E+07
15.494,1309,88552,3.59E+07
15.466,1307,88481,3.60E+07
15.446,1301,88431,3.60E+07
15.418,1300,88360,3.60E+07
15.39,1299,88290,3.60E+07
15.362,1296,88219,3.61E+07
15.334,1290,88148,3.73E+07
15.306,1290,88077,3.73E+07
15.286,1290,88027,3.73E+07
15.259,1285.1,87957,3.74E+07
15.239,1285.1,87907,3.75E+07
15.211,1285.1,87836,3.77E+07
15.184,1285.1,87765,3.77E+07
15.156,1285.1,87695,3.77E+07
15.129,1285,87624,3.78E+07
15.109,1285,87574,3.78E+07
15.09,1285,87524,3.78E+07
15.062,1285,87453,3.78E+07
15.035,1285,87382,3.79E+07
15.007,1285,87312,3.80E+07
14.98,1285,87241,3.81E+07
14.952,1285,87170,3.82E+07
14.925,1285,87100,3.84E+07
14.898,1285,87029,3.85E+07
14.87,1285,86958,3.85E+07
14.843,1285,86887,3.89E+07
14.816,1285,86817,3.89E+07
14.789,1285,86746,3.90E+07
14.77,1284,86696,3.90E+07
14.742,1283,86625,3.90E+07
14.723,1283,86575,3.91E+07
14.704,1278,86525,3.91E+07
14.685,1268,86475,3.92E+07
14.666,1268,86425,3.92E+07
14.647,1267,86375,3.95E+07
14.628,1267,86325,3.95E+07
14.608,1260,86275,4.00E+07
14.589,1260,86225,4.00E+07
14.571,1260,86175,4.01E+07
14.552,1260,86125,4.01E+07
14.533,1260,86075,4.01E+07
14.506,1260,86005,4.02E+07
14.487,1260,85955,4.02E+07
14.46,1260,85884,4.02E+07
14.441,1260,85834,4.03E+07
14.422,1260,85784,4.04E+07
14.403,1260,85734,4.04E+07
14.385,1254,85684,4.04E+07
14.366,1250,85634,4.05E+07
14.347,1249,85584,4.05E+07
14.328,1247,85534,4.05E+07
14.301,1242,85463,4.20E+07
14.275,1240,85393,4.20E+07
14.256,1237,85343,4.21E+07
14.23,1237,85272,4.21E+07
14.212,1232,85222,4.22E+07
14.186,1232,85151,4.22E+07
14.159,1232,85080,4.22E+07
14.133,1232,85010,4.22E+07
14.107,1232,84939,4.35E+07
14.081,1232,84868,4.35E+07
14.055,1232,84798,4.36E+07
14.029,1232,84727,4.37E+07
14.011,1232,84677,4.37E+07
13.993,1232,84627,4.37E+07
13.975,1224,84577,4.38E+07
13.957,1224,84527,4.38E+07
13.938,1224,84477,4.38E+07
13.92,1224,84427,4.38E+07
13.902,1224,84377,4.39E+07
13.876,1224,84306,4.39E+07
13.858,1224,84256,4.40E+07
13.832,1220,84185,4.41E+07
13.814,1220,84135,4.43E+07
13.796,1220,84085,4.43E+07
13.778,1220,84035,4.43E+07
13.752,1220,83965,4.43E+07
13.727,1220,83894,4.44E+07
13.701,1220,83823,4.44E+07
13.676,1220,83753,4.51E+07
13.65,1220,83682,4.51E+07
13.625,1220,83611,4.51E+07
13.599,1220,83540,4.51E+07
13.581,1220,83490,4.52E+07
13.563,1220,83440,4.52E+07
13.538,1211,83370,4.52E+07
13.52,1211,83320,4.52E+07
13.495,1211,83249,4.65E+07
13.47,1210,83178,4.65E+07
13.444,1210,83108,4.66E+07
13.419,1210,83037,4.69E+07
13.394,1210,82966,4.70E+07
13.369,1209,82895,4.70E+07
13.345,1203,82825,4.70E+07
13.327,1202.1,82775,4.71E+07
13.309,1202,82725,4.71E+07
13.292,1202,82675,4.71E+07
13.274,1202,82625,4.72E+07
13.256,1202,82575,4.72E+07
13.239,1202,82525,4.72E+07
13.221,1202,82475,4.72E+07
13.204,1202,82425,4.72E+07
13.179,1202,82354,4.80E+07
13.161,1202,82304,4.80E+07
13.144,1202,82254,4.80E+07
13.119,1202,82183,4.80E+07
13.102,1199.1,82133,4.80E+07
13.084,1199.1,82083,4.80E+07
13.059,1199,82013,4.81E+07
13.035,1199,81942,4.81E+07
13.01,1199,81871,4.81E+07
12.985,1199,81800,5.40E+07
12.962,1199,81730,5.40E+07
12.938,1199,81659,5.40E+07
12.915,1199,81588,5.41E+07
12.892,1199,81518,5.41E+07
12.868,1199,81447,5.44E+07
12.845,1199,81376,5.44E+07
12.821,1199,81305,5.44E+07
12.805,1199,81255,5.46E+07
12.788,1199,81205,5.46E+07
12.765,1199,81135,5.47E+07
12.749,1193,81085,5.47E+07
12.725,1191,81014,5.55E+07
12.709,1190,80964,5.56E+07
12.686,1190,80893,5.56E+07
12.669,1188,80843,5.56E+07
12.653,1188,80793,5.56E+07
12.63,1188,80723,5.57E+07
12.614,1188,80673,5.57E+07
12.597,1188,80623,5.57E+07
12.574,1187,80552,5.58E+07
12.558,1187,80502,5.58E+07
12.535,1187,80431,5.58E+07
12.512,1173,80361,5.58E+07
12.495,1173,80311,5.58E+07
12.472,1173,80240,5.63E+07
12.456,1173,80190,5.63E+07
12.44,1173,80140,5.63E+07
12.417,1173,80069,5.63E+07
12.394,1173,79998,6.02E+07
12.371,1173,79928,6.02E+07
12.349,1173,79857,6.02E+07
12.327,1173,79786,6.11E+07
12.305,1173,79716,6.11E+07
12.282,1173,79645,6.12E+07
12.267,1168.1,79595,6.12E+07
12.251,1168.1,79545,6.12E+07
12.229,1168.1,79474,6.13E+07
12.207,1168.1,79403,6.13E+07
12.185,1168.1,79333,6.13E+07
12.163,1168.1,79262,6.14E+07
12.14,1168.1,79191,6.14E+07
12.118,1168.1,79121,6.14E+07
12.096,1168.1,79050,6.14E+07
12.074,1168.1,78979,6.15E+07
12.052,1168.1,78908,6.15E+07
12.03,1168.1,78838,6.15E+07
12.014,1168.1,78788,6.15E+07
11.992,1168.1,78717,6.15E+07
11.97,1168.1,78646,6.15E+07
11.948,1168,78576,6.15E+07
11.926,1168,78505,6.73E+07
11.905,1168,78434,6.73E+07
11.883,1168,78363,6.74E+07
11.862,1168,78293,6.74E+07
11.841,1168,78222,6.74E+07
11.82,1168,78151,6.75E+07
11.799,1168,78081,6.75E+07
11.777,1168,78010,6.76E+07
11.756,1168,77939,6.77E+07
11.735,1168,77868,6.77E+07
11.714,1168,77798,6.78E+07
11.693,1168,77727,6.78E+07
11.671,1168,77656,7.15E+07
11.651,1168,77586,7.15E+07
11.63,1165,77515,7.15E+07
11.616,1161,77465,7.16E+07
11.595,1159,77394,7.16E+07
11.58,1157.1,77344,7.16E+07
11.566,1157.1,77294,7.18E+07
11.545,1157.1,77224,7.19E+07
11.525,1157.1,77153,7.19E+07
11.504,1157,77082,7.20E+07
11.489,1157,77032,7.20E+07
11.469,1157,76961,7.20E+07
11.448,1157,76891,7.21E+07
11.428,1157,76820,7.21E+07
11.407,1157,76749,7.22E+07
11.386,1157,76679,7.23E+07
11.366,1157,76608,7.23E+07
11.345,1157,76537,7.25E+07
11.325,1157,76466,7.25E+07
11.304,1157,76396,7.26E+07
11.284,1157,76325,7.26E+07
11.269,1157,76275,7.26E+07
11.249,1157,76204,7.27E+07
11.228,1142.1,76134,7.27E+07
11.214,1142.1,76084,7.28E+07
11.193,1142.1,76013,7.28E+07
11.173,1142.1,75942,7.32E+07
11.152,1142.1,75871,7.33E+07
11.132,1142.1,75801,7.33E+07
11.111,1142.1,75730,7.34E+07
11.091,1142.1,75659,7.34E+07
11.071,1142,75589,7.35E+07
11.05,1142,75518,7.36E+07
11.03,1142,75447,7.37E+07
11.015,1142,75397,7.37E+07
10.995,1142,75326,7.37E+07
10.975,1142,75256,7.39E+07
10.954,1142,75185,7.39E+07
10.934,1142,75114,7.39E+07
10.914,1142,75044,7.40E+07
10.893,1142,74973,7.57E+07
10.873,1142,74902,7.57E+07
10.853,1142,74831,7.57E+07
10.833,1142,74761,7.59E+07
10.813,1142,74690,7.59E+07
10.799,1129,74640,7.59E+07
10.784,1125,74590,7.60E+07
10.77,1122,74540,7.60E+07
10.75,1122,74469,7.61E+07
10.73,1122,74399,7.63E+07
10.71,1122,74328,7.63E+07
10.696,1122,74278,7.63E+07
10.682,1122,74228,7.64E+07
10.667,1120,74178,7.64E+07
10.653,1116,74128,7.64E+07
10.639,1116,74078,7.64E+07
10.619,1116,74007,7.64E+07
10.599,1116,73936,7.66E+07
10.579,1116,73866,1.21E+08
10.563,1116,73795,1.21E+08
10.546,1116,73724,1.21E+08
10.53,1116,73654,1.21E+08
10.514,1116,73583,1.21E+08
10.497,1116,73512,1.21E+08
10.481,1116,73442,1.21E+08
10.47,1109.1,73392,1.21E+08
10.453,1109.1,73321,1.21E+08
10.442,1109.1,73271,1.21E+08
10.425,1109,73200,1.21E+08
10.409,1109,73129,1.22E+08
10.393,1109,73059,1.22E+08
10.377,1109,72988,1.22E+08
10.36,1109,72917,1.22E+08
10.344,1109,72847,1.22E+08
10.328,1109,72776,1.22E+08
10.312,1109,72705,1.22E+08
10.295,1109,72634,1.22E+08
10.279,1109,72564,1.22E+08
10.263,1109,72493,1.22E+08
10.247,1109,72422,1.22E+08
10.23,1109,72352,1.22E+08
10.214,1109,72281,1.23E+08
10.198,1109,72210,1.24E+08
10.187,1104,72160,1.24E+08
10.175,1104,72110,1.24E+08
10.164,1104,72060,1.24E+08
10.148,1104,71989,1.24E+08
10.131,1090,71919,1.24E+08
10.115,1089,71848,1.24E+08
10.104,1088,71798,1.24E+08
10.088,1087,71727,1.24E+08
10.076,1087,71677,1.24E+08
10.06,1087,71607,1.24E+08
10.044,1087,71536,1.24E+08
10.028,1087,71465,1.24E+08
10.012,1086,71394,1.25E+08
10.001,1086,71344,1.25E+08
9.9892,1086,71294,1.25E+08
9.9778,1086,71244,1.25E+08
9.9617,1084,71174,1.25E+08
9.9456,1084,71103,1.25E+08
9.9343,1084,71053,1.25E+08
9.9182,1084,70982,1.25E+08
9.9022,1084,70912,1.25E+08
9.8861,1084,70841,1.25E+08
9.8701,1084,70770,1.25E+08
9.8587,1082,70720,1.25E+08
9.8427,1082,70649,1.27E+08
9.8314,1082,70599,1.27E+08
9.8201,1082,70549,1.27E+08
9.8088,1081,70499,1.27E+08
9.7975,1081,70449,1.27E+08
9.7862,1081,70399,1.27E+08
9.7702,1081,70329,1.27E+08
9.7543,1081,70258,1.27E+08
9.743,1080,70208,1.27E+08
9.7317,1078,70158,1.27E+08
9.7204,1078,70108,1.27E+08
9.7091,1078,70058,1.27E+08
9.6979,1078,70008,1.27E+08
9.6866,1078,69958,1.27E+08
9.6753,1077,69908,1.27E+08
9.664,1077,69858,1.27E+08
9.6481,1077,69787,1.28E+08
9.6368,1077,69737,1.28E+08
9.6209,1077,69667,1.28E+08
9.605,1077,69596,1.28E+08
9.5891,1077,69525,1.28E+08
9.5732,1077,69454,1.28E+08
9.5573,1077,69384,1.28E+08
9.5413,1077,69313,1.28E+08
9.5254,1077,69242,1.28E+08
9.5142,1077,69192,1.49E+08
9.5037,1076.2,69142,1.49E+08
9.4888,1076.2,69072,1.49E+08
9.474,1076.2,69001,1.49E+08
9.4591,1076.2,68930,1.49E+08
9.4443,1076.2,68860,1.49E+08
9.4294,1076.2,68789,1.49E+08
9.4146,1076.2,68718,1.49E+08
9.3997,1076.2,68647,1.49E+08
9.3849,1076.2,68577,1.49E+08
9.3701,1076.2,68506,1.49E+08
9.3552,1076.2,68435,1.49E+08
9.3404,1076.2,68365,1.49E+08
9.3255,1076.2,68294,1.49E+08
9.3107,1076.2,68223,1.49E+08
9.2959,1076.2,68152,1.50E+08
9.2854,1076.2,68102,1.51E+08
9.2706,1076.2,68032,1.51E+08
9.2559,1076.2,67961,1.51E+08
9.2411,1076.2,67890,1.51E+08
9.2264,1076.2,67820,1.51E+08
9.2116,1076.2,67749,1.51E+08
9.1969,1076.2,67678,1.51E+08
9.1821,1076.1,67607,1.51E+08
9.1674,1076.1,67537,1.51E+08
9.1527,1076.1,67466,1.52E+08
9.1379,1076.1,67395,1.52E+08
9.1232,1076.1,67325,1.52E+08
9.1128,1076.1,67275,1.52E+08
9.098,1076.1,67204,1.52E+08
9.0833,1076.1,67133,1.52E+08
9.0686,1076.1,67062,1.52E+08
9.0539,1076.1,66992,1.52E+08
9.0391,1076.1,66921,1.52E+08
9.0244,1076.1,66850,1.52E+08
9.0097,1076.1,66780,1.53E+08
8.995,1076.1,66709,1.54E+08
8.9804,1076.1,66638,1.54E+08
8.9657,1076.1,66567,1.54E+08
8.9511,1076.1,66497,1.54E+08
8.9365,1076.1,66426,1.54E+08
8.9219,1076.1,66355,1.54E+08
8.9072,1076.1,66285,1.54E+08
8.8926,1076.1,66214,1.54E+08
8.878,1076.1,66143,1.54E+08
8.8634,1076.1,66072,1.54E+08
8.8488,1076.1,66002,1.54E+08
8.8341,1076.1,65931,1.54E+08
8.8195,1076.1,65860,1.54E+08
8.8049,1076.1,65790,1.54E+08
8.7903,1076.1,65719,1.54E+08
8.7757,1076,65648,1.65E+08
8.7615,1076,65578,1.65E+08
8.7473,1076,65507,1.65E+08
8.7332,1076,65436,1.65E+08
8.7232,1076,65386,1.65E+08
8.7131,1076,65336,1.65E+08
8.7031,1076,65286,1.67E+08
8.689,1076,65215,1.67E+08
8.6749,1076,65145,1.67E+08
8.6608,1076,65074,1.67E+08
8.6508,1076,65024,1.67E+08
8.6367,1076,64953,1.67E+08
8.6226,1076,64883,1.67E+08
8.6126,1073,64833,1.67E+08
8.5985,1070,64762,1.67E+08
8.5885,1065.4,64712,1.67E+08
8.5785,1065.4,64662,1.67E+08
8.5644,1065.4,64591,1.67E+08
8.5503,1065.3,64520,1.67E+08
8.5362,1065.3,64450,1.67E+08
8.5221,1065.3,64379,1.67E+08
8.508,1065.3,64308,1.67E+08
8.4939,1065.3,64238,1.74E+08
8.4801,1065.3,64167,1.74E+08
8.4663,1065.3,64096,1.75E+08
8.4525,1065.3,64025,1.75E+08
8.4386,1065.3,63955,1.75E+08
8.4248,1065.3,63884,1.75E+08
8.411,1065.3,63813,1.76E+08
8.3973,1065.3,63743,1.76E+08
8.3835,1065.3,63672,1.77E+08
8.3697,1065.3,63601,1.77E+08
8.356,1065.3,63530,2.26E+08
8.3437,1065.3,63460,2.26E+08
8.3314,1065.3,63389,2.26E+08
8.3191,1065.3,63318,2.26E+08
8.3068,1065.3,63248,2.26E+08
8.2945,1065.3,63177,2.26E+08
8.2822,1065.3,63106,2.27E+08
8.2699,1065.3,63035,2.27E+08
8.2576,1065.3,62965,2.27E+08
8.2453,1065.3,62894,2.27E+08
8.233,1065.3,62823,2.27E+08
8.2207,1065.3,62753,2.27E+08
8.2084,1065.3,62682,2.27E+08
8.1962,1065.3,62611,2.27E+08
8.1839,1065.2,62541,2.27E+08
8.1716,1065.2,62470,2.27E+08
8.1593,1065.2,62399,2.27E+08
8.1471,1065.2,62328,2.28E+08
8.1348,1065.2,62258,2.28E+08
8.1225,1065.2,62187,2.28E+08
8.1103,1065.2,62116,2.29E+08
8.0981,1065.2,62046,2.30E+08
8.0858,1065.2,61975,2.30E+08
8.0736,1065.2,61904,2.30E+08
8.0614,1065.2,61833,2.30E+08
8.0492,1065.2,61763,2.30E+08
8.037,1065.2,61692,2.30E+08
8.0248,1065.2,61621,2.30E+08
8.0126,1065.2,61551,2.30E+08
8.0003,1065.2,61480,2.30E+08
7.9881,1065.2,61409,2.30E+08
7.9759,1065.2,61338,2.30E+08
7.9637,1065.2,61268,2.30E+08
7.9515,1065.2,61197,2.30E+08
7.9393,1065.2,61126,2.32E+08
7.9271,1065.2,61056,2.32E+08
7.915,1065.2,60985,2.32E+08
7.9028,1065.2,60914,2.32E+08
7.8907,1065.2,60843,2.33E+08
7.8785,1065.2,60773,2.33E+08
7.8664,1065.2,60702,2.33E+08
7.8542,1065.2,60631,2.33E+08
7.8421,1065.1,60561,2.33E+08
7.83,1065.1,60490,2.33E+08
7.8178,1065.1,60419,2.33E+08
7.8057,1065.1,60348,2.33E+08
7.7935,1065.1,60278,2.33E+08
7.7814,1065.1,60207,2.33E+08
7.7693,1065.1,60136,2.33E+08
7.7571,1065.1,60066,2.33E+08
7.745,1065.1,59995,2.33E+08
7.7329,1065.1,59924,2.34E+08
7.7207,1065.1,59853,2.34E+08
7.7086,1065.1,59783,2.34E+08
7.6965,1065.1,59712,2.34E+08
7.6844,1065.1,59641,2.34E+08
7.6722,1065.1,59571,2.34E+08
7.6601,1065.1,59500,2.34E+08
7.648,1065.1,59429,2.36E+08
7.6359,1065.1,59359,2.36E+08
7.6239,1065.1,59288,2.36E+08
7.6118,1065.1,59217,2.37E+08
7.5998,1065.1,59146,2.37E+08
7.5877,1065.1,59076,2.37E+08
7.5756,1065.1,59005,2.37E+08
7.5636,1065.1,58934,2.37E+08
7.5515,1065.1,58864,2.37E+08
7.5395,1065.1,58793,2.37E+08
7.5274,1065.1,58722,2.37E+08
7.5154,1065.1,58651,2.42E+08
7.5035,1065.1,58581,2.42E+08
7.4915,1065,58510,2.42E+08
7.4796,1065,58439,2.42E+08
7.4712,1065,58389,2.42E+08
7.4592,1065,58319,2.42E+08
7.4473,1065,58248,2.42E+08
7.4354,1065,58177,2.43E+08
7.4235,1065,58106,2.43E+08
7.4116,1065,58036,2.43E+08
7.4031,1065,57986,2.43E+08
7.3947,1065,57936,2.43E+08
7.3828,1065,57865,2.43E+08
7.3709,1065,57794,2.43E+08
7.359,1065,57724,2.43E+08
7.3506,1055.1,57674,2.43E+08
7.3387,1055.1,57603,2.44E+08
7.3268,1055,57532,2.44E+08
7.3149,1055,57461,2.44E+08
7.303,1055,57391,2.44E+08
7.2911,1055,57320,2.44E+08
7.2792,1055,57249,2.44E+08
7.2673,1055,57179,2.44E+08
7.2554,1055,57108,2.44E+08
7.2435,1055,57037,2.44E+08
7.2316,1055,56966,2.44E+08
7.2198,1055,56896,2.44E+08
7.2079,1055,56825,2.44E+08
7.196,1055,56754,2.44E+08
7.1841,1055,56684,2.45E+08
7.1722,1055,56613,2.45E+08
7.1604,1055,56542,2.45E+08
7.152,1048.1,56492,2.45E+08
7.1401,1048.1,56422,2.45E+08
7.1282,1048.1,56351,2.45E+08
7.1163,1048.1,56280,2.45E+08
7.1045,1048.1,56209,2.55E+08
7.0928,1048.1,56139,2.55E+08
7.0812,1048.1,56068,2.55E+08
7.0695,1048.1,55997,2.55E+08
7.0612,1048.1,55947,2.55E+08
7.0496,1048.1,55877,2.55E+08
7.0413,1048,55827,2.55E+08
7.0297,1048,55756,2.55E+08
7.0214,1048,55706,2.55E+08
7.0098,1048,55635,2.55E+08
6.9981,1048,55564,2.55E+08
6.9865,1048,55494,2.55E+08
6.9783,1048,55444,2.55E+08
6.9666,1048,55373,2.55E+08
6.955,1048,55302,2.56E+08
6.9433,1048,55232,2.56E+08
6.9317,1048,55161,2.56E+08
6.92,1048,55090,2.56E+08
6.9118,1048,55040,2.56E+08
6.9002,1048,54969,2.56E+08
6.8885,1037,54899,2.56E+08
6.8803,1036,54849,2.56E+08
6.8721,1036,54799,2.56E+08
6.8605,1036,54728,2.56E+08
6.8522,1028.1,54678,2.56E+08
6.8406,1028.1,54607,2.56E+08
6.829,1028.1,54537,2.57E+08
6.8174,1028.1,54466,2.57E+08
6.8057,1028,54395,2.57E+08
6.7941,1028,54324,2.78E+08
6.7829,1028,54254,2.78E+08
6.775,1028,54204,2.78E+08
6.7638,1028,54133,2.78E+08
6.7525,1028,54062,2.78E+08
6.7413,1028,53992,2.78E+08
6.7301,1028,53921,2.78E+08
6.7189,1028,53850,2.78E+08
6.7077,1028,53779,2.79E+08
6.6965,1028,53709,2.79E+08
6.6886,1028,53659,2.79E+08
6.6807,1028,53609,2.79E+08
6.6695,1024,53538,2.79E+08
6.6583,1024,53467,2.79E+08
6.6504,1022,53417,2.79E+08
6.6425,1022,53367,2.79E+08
6.6313,1022,53297,2.79E+08
6.6201,1018,53226,2.79E+08
6.6122,1016,53176,2.79E+08
6.601,1016,53105,2.79E+08
6.5931,1015,53055,2.79E+08
6.5852,1013.1,53005,2.80E+08
6.574,1013.1,52934,2.80E+08
6.5628,1013.1,52864,2.80E+08
6.5549,1013,52814,2.80E+08
6.5437,1013,52743,2.83E+08
6.5326,1013,52672,2.83E+08
6.5215,1013,52602,2.83E+08
6.5103,1013,52531,2.83E+08
6.4992,1013,52460,2.83E+08
6.4881,1013,52390,2.83E+08
6.4802,1013,52340,2.83E+08
6.4691,1013,52269,2.83E+08
6.458,1013,52198,2.84E+08
6.4469,1013,52127,2.84E+08
6.4358,1013,52057,2.84E+08
6.4279,1013,52007,2.84E+08
6.4168,1012,51936,2.84E+08
6.409,1012,51886,2.84E+08
6.4011,1009,51836,2.84E+08
6.3933,1009,51786,2.84E+08
6.3854,1008,51736,2.84E+08
6.3776,1008,51686,2.84E+08
6.3697,1008,51636,2.84E+08
6.3619,1008,51586,2.84E+08
6.354,1008,51536,2.84E+08
6.3462,1004,51486,2.84E+08
6.3351,1004,51415,2.84E+08
6.324,1004,51345,2.84E+08
6.3129,1004,51274,2.85E+08
6.3018,1004,51203,2.90E+08
6.2908,1004,51132,2.90E+08
6.2798,1004,51062,2.90E+08
6.2688,1004,50991,2.90E+08
6.261,1004,50941,2.90E+08
6.25,1004,50870,2.90E+08
6.239,999,50800,2.90E+08
6.2313,994.03,50750,2.91E+08
6.2203,994.02,50679,2.91E+08
6.2093,994.02,50608,2.91E+08
6.1983,994.02,50537,2.91E+08
6.1873,994.01,50467,2.91E+08
6.1763,994.01,50396,2.98E+08
6.1655,994.01,50325,2.98E+08
6.1546,994,50255,2.98E+08
6.1437,994,50184,2.98E+08
6.136,990,50134,2.98E+08
6.1284,982.01,50084,2.98E+08
6.1207,982,50034,2.98E+08
6.113,980,49984,2.98E+08
6.1053,977,49934,2.98E+08
6.0976,976.08,49884,2.98E+08
6.09,976.08,49834,2.98E+08
6.0823,976.07,49784,2.98E+08
6.0746,976.07,49734,2.98E+08
6.0637,976.06,49663,2.98E+08
6.0529,976.06,49592,2.98E+08
6.0452,976.06,49542,2.98E+08
6.0375,976.05,49492,2.99E+08
6.0267,976.05,49422,2.99E+08
6.0158,976.04,49351,3.00E+08
6.005,976.04,49280,3.00E+08
5.9941,976.04,49210,3.00E+08
5.9833,976.03,49139,3.01E+08
5.9725,976.03,49068,3.01E+08
5.9617,976.03,48997,3.01E+08
5.9508,976.02,48927,3.01E+08
5.94,976.02,48856,3.01E+08
5.9292,976.02,48785,3.02E+08
5.9216,976.01,48735,3.02E+08
5.9139,976.01,48685,3.02E+08
5.9063,976,48635,3.02E+08
5.8955,970.04,48565,3.02E+08
5.8878,970.04,48515,3.02E+08
5.877,970.03,48444,3.02E+08
5.8662,970.03,48373,3.02E+08
5.8554,970.02,48302,3.02E+08
5.8446,970.02,48232,3.02E+08
5.8338,970.02,48161,3.03E+08
5.823,970.01,48090,3.03E+08
5.8122,970.01,48020,3.03E+08
5.8015,970.01,47949,3.03E+08
5.7907,970,47878,3.03E+08
5.7799,970,47808,3.03E+08
5.7723,966.01,47758,3.03E+08
5.7646,966,47708,3.03E+08
5.757,956,47658,3.04E+08
5.7462,956,47587,3.04E+08
5.7386,946,47537,3.04E+08
5.731,945.03,47487,3.04E+08
5.7234,945.03,47437,3.04E+08
5.7158,945.02,47387,3.04E+08
5.705,945.02,47316,3.04E+08
5.6942,945.02,47245,3.04E+08
5.6834,945.01,47175,3.04E+08
5.6727,945.01,47104,3.04E+08
5.6619,945.01,47033,3.04E+08
5.6511,945,46963,3.05E+08
5.6404,945,46892,3.05E+08
5.6296,943,46821,3.05E+08
5.6189,931,46750,3.05E+08
5.6113,908,46700,3.05E+08
5.6037,902,46650,3.05E+08
5.596,892,46600,3.05E+08
5.5853,857,46530,3.05E+08
5.5777,846,46480,3.05E+08
5.5701,818,46430,3.05E+08
5.5625,803,46380,3.05E+08
5.5549,795.01,46330,3.05E+08
5.5473,795,46280,3.05E+08
5.5397,787,46230,3.05E+08
5.5321,779,46180,3.05E+08
5.5244,764,46130,3.05E+08
5.5169,762,46080,3.05E+08
5.5061,762,46009,3.07E+08
5.4985,759.02,45959,3.07E+08
5.4909,759.01,45909,3.07E+08
5.4802,759.01,45838,3.07E+08
5.4695,759,45768,3.07E+08
5.4588,759,45697,3.07E+08
5.4512,749,45647,3.07E+08
5.4405,749,45576,3.07E+08
5.4298,736,45505,3.08E+08
5.4222,727,45455,3.08E+08
5.4115,718,45385,3.08E+08
5.4039,717,45335,3.08E+08
5.3964,714,45285,3.08E+08
5.3888,710,45235,3.08E+08
5.3781,707,45164,3.08E+08
5.3705,697,45114,3.08E+08
5.3598,691,45043,3.08E+08
5.3491,681,44973,3.08E+08
5.3384,677,44902,3.08E+08
5.3277,676,44831,3.09E+08
5.3201,675,44781,3.09E+08
5.3126,672,44731,3.09E+08
5.3019,669,44660,3.09E+08
5.2912,659,44590,3.09E+08
5.2805,655,44519,3.09E+08
5.2729,652,44469,3.09E+08
5.2622,652,44398,3.09E+08
5.2547,651,44348,3.09E+08
5.2471,650.01,44298,3.09E+08
5.2395,650,44248,3.09E+08
5.232,647,44198,3.09E+08
5.2244,646.03,44148,3.09E+08
5.2169,646.03,44098,3.09E+08
5.2062,646.02,44028,3.14E+08
5.1987,646.02,43978,3.14E+08
5.1881,646.01,43907,3.14E+08
5.1775,646.01,43836,3.14E+08
5.1668,646.01,43765,3.14E+08
5.1562,646,43695,3.14E+08
5.1456,646,43624,3.14E+08
5.1381,637,43574,3.14E+08
5.1275,629,43503,3.14E+08
5.12,624,43453,3.15E+08
5.1125,622.03,43403,3.15E+08
5.1019,622.02,43333,3.15E+08
5.0913,622.02,43262,3.15E+08
5.0807,622.02,43191,3.15E+08
5.0732,622.01,43141,3.16E+08
5.0626,622.01,43070,3.16E+08
5.052,622.01,43000,3.16E+08
5.0446,622,42950,3.16E+08
5.034,615,42879,3.16E+08
5.0265,614,42829,3.16E+08
5.0159,614,42758,3.32E+08
5.0086,610,42708,3.32E+08
4.9982,607,42638,3.32E+08
4.9909,594,42588,3.32E+08
4.9836,589.03,42538,3.32E+08
4.9763,589.03,42488,3.32E+08
4.9659,589.03,42417,3.32E+08
4.9556,589.02,42346,3.32E+08
4.9452,589.02,42276,3.32E+08
4.9349,589.02,42205,3.32E+08
4.9245,589.01,42134,3.33E+08
4.9142,589.01,42063,3.33E+08
4.9069,589,42013,3.33E+08
4.8996,589,41963,3.33E+08
4.8923,577.04,41913,3.33E+08
4.885,577.04,41863,3.33E+08
4.8777,577.03,41813,3.33E+08
4.8703,577.03,41763,3.33E+08
4.863,577.02,41713,3.34E+08
4.8527,577.02,41643,3.34E+08
4.8454,577.01,41593,3.34E+08
4.8351,577.01,41522,3.34E+08
4.8278,577,41472,3.34E+08
4.8175,577,41401,3.34E+08
4.8102,576.01,41351,3.34E+08
4.7998,576,41281,3.35E+08
4.7895,576,41210,3.35E+08
4.7792,574,41139,3.35E+08
4.7719,566.01,41089,3.35E+08
4.7646,566,41039,3.35E+08
4.7543,566,40968,3.35E+08
4.747,563,40918,3.35E+08
4.7367,552,40848,3.35E+08
4.7294,542,40798,3.35E+08
4.7221,536.03,40748,3.35E+08
4.7118,536.02,40677,3.36E+08
4.7015,536.02,40606,3.36E+08
4.6912,536.02,40536,3.36E+08
4.6809,536.01,40465,3.38E+08
4.6707,536.01,40394,3.38E+08
4.6604,536.01,40323,3.39E+08
4.6532,536,40273,3.39E+08
4.6429,533.01,40203,3.39E+08
4.6327,533,40132,3.39E+08
4.6224,533,40061,3.39E+08
4.6152,528.01,40011,3.39E+08
4.6079,528.01,39961,3.39E+08
4.6007,528,39911,3.39E+08
4.5934,525.02,39861,3.40E+08
4.5862,525.02,39811,3.40E+08
4.5789,525.01,39761,3.40E+08
4.5717,525.01,39711,3.40E+08
4.5614,525.01,39641,3.40E+08
4.5542,525,39591,3.40E+08
4.547,514,39541,3.40E+08
4.5397,510,39491,3.41E+08
4.5325,509.07,39441,3.41E+08
4.5222,509.06,39370,3.41E+08
4.515,509.06,39320,3.41E+08
4.5048,509.05,39249,3.41E+08
4.4945,509.05,39178,3.41E+08
4.4843,509.05,39108,3.41E+08
4.4741,509.04,39037,3.41E+08
4.4639,509.04,38966,3.41E+08
4.4536,509.04,38896,3.41E+08
4.4434,509.03,38825,3.41E+08
4.4332,509.03,38754,3.42E+08
4.423,509.02,38683,3.42E+08
4.4127,509.02,38613,3.42E+08
4.4025,509.02,38542,3.42E+08
4.3923,509.01,38471,3.42E+08
4.3821,509.01,38401,3.42E+08
4.3719,509.01,38330,3.42E+08
4.3617,509,38259,3.42E+08
4.3515,509,38189,3.42E+08
4.3443,502,38139,3.42E+08
4.3371,496,38089,3.43E+08
4.3298,494.01,38039,3.43E+08
4.3196,494.01,37968,3.43E+08
4.3124,494,37918,3.43E+08
4.3022,473,37847,3.43E+08
4.295,455,37797,3.43E+08
4.2848,444.02,37726,3.43E+08
4.2746,444.02,37656,3.44E+08
4.2644,444.01,37585,3.44E+08
4.2542,444.01,37514,3.44E+08
4.244,444.01,37444,3.44E+08
4.2339,444,37373,3.44E+08
4.2237,444,37302,3.44E+08
4.2165,435.06,37252,3.45E+08
4.2093,435.06,37202,3.45E+08
4.1991,435.06,37131,3.45E+08
4.1919,435.05,37081,3.45E+08
4.1818,435.05,37011,3.45E+08
4.1716,435.04,36940,3.45E+08
4.1614,435.04,36869,3.45E+08
4.1542,435.04,36819,3.45E+08
4.1441,435.03,36749,3.45E+08
4.1339,435.03,36678,3.45E+08
4.1237,435.02,36607,3.46E+08
4.1136,435.02,36536,3.46E+08
4.1034,435.02,36466,3.46E+08
4.0932,435.01,36395,3.48E+08
4.0831,435.01,36324,3.48E+08
4.073,435.01,36254,3.48E+08
4.0628,435,36183,3.48E+08
4.0527,435,36112,3.48E+08
4.0456,429,36062,3.48E+08
4.0384,412,36012,3.48E+08
4.0283,389,35941,3.48E+08
4.0181,384.01,35871,3.49E+08
4.011,384.01,35821,3.49E+08
4.0038,384,35771,3.49E+08
3.9967,378.02,35721,3.49E+08
3.9895,378.01,35671,3.49E+08
3.9824,378.01,35621,3.49E+08
3.9752,378,35571,3.49E+08
3.968,376.01,35521,3.49E+08
3.9609,376,35471,3.49E+08
3.9537,374,35421,3.49E+08
3.9466,372.02,35371,3.49E+08
3.9365,372.01,35300,3.50E+08
3.9264,372.01,35229,3.50E+08
3.9192,372.01,35179,3.50E+08
3.9121,372,35129,3.50E+08
3.9049,366,35079,3.50E+08
3.8978,363,35029,3.50E+08
3.8906,360,34979,3.50E+08
3.8835,357.02,34929,3.50E+08
3.8734,357.01,34859,3.50E+08
3.8662,357.01,34809,3.51E+08
3.8561,357,34738,3.51E+08
3.846,357,34667,3.51E+08
3.8359,351,34596,3.51E+08
3.8258,342.01,34526,3.51E+08
3.8187,342,34476,3.51E+08
3.8086,328,34405,3.51E+08
3.7985,319.01,34334,3.51E+08
3.7884,319.01,34264,3.57E+08
3.7784,319.01,34193,3.57E+08
3.7713,319,34143,3.57E+08
3.7613,319,34072,3.57E+08
3.7513,314.03,34001,3.57E+08
3.7442,314.02,33951,3.58E+08
3.7371,314.02,33901,3.58E+08
3.7301,314.01,33851,3.58E+08
3.72,314.01,33781,3.58E+08
3.71,314.01,33710,3.58E+08
3.7,314,33639,3.58E+08
3.69,314,33569,3.58E+08
3.6829,311,33519,3.58E+08
3.6759,305.01,33469,3.59E+08
3.6688,305,33419,3.59E+08
3.6617,301.03,33369,3.59E+08
3.6518,301.03,33298,3.59E+08
3.6418,301.02,33227,3.60E+08
3.6318,301.02,33157,3.60E+08
3.6247,301.01,33107,3.60E+08
3.6147,301.01,33036,3.60E+08
3.6048,301.01,32965,3.60E+08
3.5948,301,32894,3.60E+08
3.5848,301,32824,3.60E+08
3.5777,297,32774,3.60E+08
3.5678,294,32703,3.60E+08
3.5578,288.04,32632,3.60E+08
3.5478,288.04,32562,3.62E+08
3.5408,288.04,32512,3.62E+08
3.5337,288.03,32462,3.62E+08
3.5267,288.03,32412,3.62E+08
3.5197,288.02,32362,3.63E+08
3.5097,288.02,32291,3.63E+08
3.4998,288.01,32220,3.63E+08
3.4927,288.01,32170,3.63E+08
3.4828,288.01,32099,3.63E+08
3.4757,288,32049,3.63E+08
3.4658,285.01,31979,3.63E+08
3.4588,285,31929,3.63E+08
3.4517,281.02,31879,3.63E+08
3.4447,281.02,31829,3.63E+08
3.4348,281.02,31758,3.63E+08
3.4248,281.01,31687,3.63E+08
3.4178,281.01,31637,3.63E+08
3.4079,281,31567,3.63E+08
3.3979,281,31496,3.63E+08
3.3909,256,31446,3.63E+08
3.3839,243,31396,3.63E+08
3.3768,241.09,31346,3.64E+08
3.3669,241.08,31275,3.64E+08
3.357,241.08,31204,3.64E+08
3.347,241.08,31134,3.64E+08
3.3371,241.07,31063,3.64E+08
3.3272,241.07,30992,3.65E+08
3.3173,241.07,30922,3.65E+08
3.3073,241.06,30851,3.65E+08
3.2974,241.06,30780,3.65E+08
3.2904,241.05,30730,3.65E+08
3.2834,241.05,30680,3.65E+08
3.2764,241.04,30630,3.65E+08
3.2693,241.04,30580,3.65E+08
3.2594,241.03,30509,3.65E+08
3.2495,241.03,30439,3.65E+08
3.2396,241.03,30368,3.65E+08
3.2297,241.02,30297,3.65E+08
3.2198,241.02,30227,3.65E+08
3.2098,241.02,30156,3.65E+08
3.1999,241.01,30085,3.65E+08
3.19,241.01,30014,3.66E+08
3.183,241.01,29964,3.66E+08
3.176,241,29914,3.66E+08
3.169,238.01,29864,3.66E+08
3.162,238,29814,3.66E+08
3.1521,238,29744,3.66E+08
3.1451,235,29694,3.66E+08
3.1381,222,29644,3.66E+08
3.1311,216.02,29594,3.66E+08
3.1241,216.01,29544,3.88E+08
3.1172,216.01,29494,3.88E+08
3.1104,216,29444,3.88E+08
3.1008,216,29373,3.88E+08
3.094,213.04,29323,3.88E+08
3.0843,213.04,29252,3.88E+08
3.0747,213.04,29182,3.88E+08
3.065,213.03,29111,3.89E+08
3.0554,213.03,29040,3.89E+08
3.0457,213.03,28970,3.89E+08
3.0361,213.02,28899,3.90E+08
3.0265,213.02,28828,3.90E+08
3.0196,213.01,28778,3.90E+08
3.0128,213.01,28728,3.90E+08
3.0032,213.01,28657,3.91E+08
2.9964,213,28607,3.91E+08
2.9896,212,28557,3.91E+08
2.9828,212,28507,3.91E+08
2.9732,204.01,28437,3.91E+08
2.9664,204.01,28387,3.91E+08
2.9596,204,28337,3.92E+08
2.95,204,28266,3.92E+08
2.9432,195.11,28216,3.92E+08
2.9364,195.1,28166,3.92E+08
2.9296,195.1,28116,3.93E+08
2.92,195.1,28045,3.93E+08
2.9132,195.09,27995,3.93E+08
2.9036,195.09,27925,3.93E+08
2.894,195.08,27854,3.94E+08
2.8873,195.08,27804,3.94E+08
2.8777,195.07,27733,3.94E+08
2.8709,195.07,27683,3.94E+08
2.8613,195.07,27612,3.94E+08
2.8517,195.06,27542,3.94E+08
2.8422,195.06,27471,3.96E+08
2.8326,195.06,27400,3.96E+08
2.823,195.05,27330,3.96E+08
2.8135,195.05,27259,3.96E+08
2.8039,195.04,27188,3.96E+08
2.7971,195.04,27138,3.96E+08
2.7876,195.04,27067,3.96E+08
2.778,195.03,26997,3.96E+08
2.7685,195.03,26926,3.96E+08
2.7589,195.03,26855,3.96E+08
2.7521,195.02,26805,3.97E+08
2.7426,195.02,26735,3.97E+08
2.733,195.01,26664,3.97E+08
2.7263,195.01,26614,3.97E+08
2.7167,195.01,26543,3.97E+08
2.71,195,26493,3.97E+08
2.7004,188.01,26422,3.97E+08
2.6937,188,26372,3.97E+08
2.6841,185.08,26302,3.97E+08
2.6746,185.08,26231,3.98E+08
2.665,185.08,26160,3.98E+08
2.6555,185.07,26090,3.98E+08
2.646,185.07,26019,3.98E+08
2.6364,185.07,25948,4.00E+08
2.6269,185.06,25877,4.00E+08
2.6174,185.06,25807,4.00E+08
2.6079,185.06,25736,4.00E+08
2.5984,185.05,25665,4.01E+08
2.5917,185.05,25615,4.01E+08
2.5849,185.04,25565,4.01E+08
2.5754,185.04,25495,4.01E+08
2.5687,185.03,25445,4.01E+08
2.562,185.03,25395,4.01E+08
2.5552,185.02,25345,4.01E+08
2.5485,185.02,25295,4.01E+08
2.539,185.02,25224,4.01E+08
2.5323,185.01,25174,4.01E+08
2.5256,185.01,25124,4.01E+08
2.5189,185,25074,4.01E+08
2.5093,171,25003,4.01E+08
2.5026,166.04,24953,4.01E+08
2.4959,166.04,24903,6.77E+08
2.4884,166.03,24832,6.77E+08
2.4809,166.03,24762,6.77E+08
2.4734,166.03,24691,6.77E+08
2.4659,166.02,24620,6.77E+08
2.4583,166.02,24550,6.77E+08
2.4508,166.02,24479,6.77E+08
2.4455,166.01,24429,6.77E+08
2.4402,166.01,24379,6.77E+08
2.4327,166,24308,6.77E+08
2.4252,166,24238,6.77E+08
2.4199,162,24188,6.77E+08
2.4146,157.14,24138,6.77E+08
2.4093,157.14,24088,6.77E+08
2.4017,157.13,24017,6.77E+08
2.3964,157.13,23967,6.78E+08
2.3911,157.12,23917,6.78E+08
2.3836,157.12,23846,6.78E+08
2.3783,157.12,23796,6.79E+08
2.3708,157.11,23725,6.79E+08
2.3633,157.11,23655,6.79E+08
2.3558,157.1,23584,6.79E+08
2.3483,157.1,23513,6.79E+08
2.3408,157.1,23443,6.79E+08
2.3333,157.09,23372,6.80E+08
2.3258,157.09,23301,6.80E+08
2.3183,157.09,23230,6.80E+08
2.3108,157.08,23160,6.80E+08
2.3033,157.08,23089,6.80E+08
2.2958,157.08,23018,6.80E+08
2.2905,157.07,22968,6.80E+08
2.283,157.07,22898,6.81E+08
2.2755,157.06,22827,6.81E+08
2.268,157.06,22756,6.81E+08
2.2606,157.06,22685,6.81E+08
2.2531,157.05,22615,6.82E+08
2.2456,157.05,22544,6.82E+08
2.2381,157.05,22473,6.82E+08
2.2306,157.04,22403,6.82E+08
2.2231,157.04,22332,6.82E+08
2.2156,157.04,22261,6.82E+08
2.2081,157.03,22190,6.82E+08
2.2029,157.03,22140,6.82E+08
2.1954,157.02,22070,6.82E+08
2.1879,157.02,21999,6.84E+08
2.1804,157.02,21928,6.84E+08
2.1729,157.01,21858,6.84E+08
2.1676,157.01,21808,6.86E+08
2.1602,157.01,21737,6.86E+08
2.1549,157,21687,6.86E+08
2.1474,151.01,21616,6.86E+08
2.14,151.01,21545,6.86E+08
2.1325,151.01,21475,6.86E+08
2.125,151,21404,6.86E+08
2.1176,151,21333,6.86E+08
2.1123,145.01,21283,6.86E+08
2.1048,145,21213,6.86E+08
2.0974,145,21142,6.86E+08
2.0921,142.08,21092,6.86E+08
2.0846,142.07,21021,6.90E+08
2.0793,142.07,20971,6.90E+08
2.0719,142.06,20900,6.93E+08
2.0645,142.06,20830,6.93E+08
2.057,142.06,20759,6.93E+08
2.0496,142.05,20688,6.93E+08
2.0422,142.05,20618,6.93E+08
2.0347,142.05,20547,6.93E+08
2.0295,142.04,20497,6.93E+08
2.0242,142.04,20447,6.93E+08
2.0168,142.03,20376,6.93E+08
2.0093,142.03,20306,6.93E+08
2.0019,142.03,20235,6.93E+08
1.9945,142.02,20164,6.93E+08
1.9871,142.02,20093,6.93E+08
1.9796,142.02,20023,6.94E+08
1.9722,142.01,19952,6.94E+08
1.9648,142.01,19881,6.94E+08
1.9573,142.01,19811,6.94E+08
1.9521,142,19761,6.94E+08
1.9468,135.05,19711,6.94E+08
1.9416,135.05,19661,6.94E+08
1.9363,135.04,19611,6.94E+08
1.9311,135.04,19561,6.94E+08
1.9237,135.03,19490,6.94E+08
1.9162,135.03,19419,6.94E+08
1.9088,135.03,19348,6.94E+08
1.9014,135.02,19278,6.95E+08
1.8939,135.02,19207,6.95E+08
1.8865,135.02,19136,6.95E+08
1.8791,135.01,19066,6.95E+08
1.8738,135.01,19016,6.95E+08
1.8686,135,18966,6.95E+08
1.8612,135,18895,6.95E+08
1.8559,131,18845,6.95E+08
1.8485,116.1,18774,6.95E+08
1.8433,116.1,18724,6.95E+08
1.8358,116.09,18653,6.95E+08
1.8284,116.09,18583,6.95E+08
1.821,116.08,18512,6.95E+08
1.8136,116.08,18441,7.06E+08
1.8062,116.08,18371,7.36E+08
1.799,116.07,18300,7.36E+08
1.7917,116.07,18229,7.36E+08
1.7845,116.07,18158,7.36E+08
1.7773,116.06,18088,7.36E+08
1.77,116.06,18017,7.36E+08
1.7628,116.06,17946,7.36E+08
1.7556,116.05,17876,7.36E+08
1.7483,116.05,17805,7.36E+08
1.7411,116.05,17734,7.36E+08
1.7339,116.04,17663,7.36E+08
1.7266,116.04,17593,7.37E+08
1.7194,116.04,17522,7.37E+08
1.7122,116.03,17451,7.37E+08
1.7049,116.03,17381,7.37E+08
1.6977,116.02,17310,7.37E+08
1.6905,116.02,17239,7.37E+08
1.6832,116.02,17168,7.37E+08
1.676,116.01,17098,7.37E+08
1.6688,116.01,17027,7.37E+08
1.6615,116.01,16956,7.37E+08
1.6543,116,16886,7.38E+08
1.6471,116,16815,7.38E+08
1.6399,103,16744,7.38E+08
1.6348,100.01,16694,7.38E+08
1.6296,100.01,16644,7.38E+08
1.6224,100,16574,7.38E+08
1.6152,100,16503,7.38E+08
1.608,96.017,16432,7.38E+08
1.6029,96.012,16382,7.39E+08
1.5978,96.007,16332,7.39E+08
1.5905,96.004,16261,7.39E+08
1.5833,96,16191,7.39E+08
1.5782,94.052,16141,7.39E+08
1.571,94.049,16070,7.40E+08
1.5638,94.045,15999,7.40E+08
1.5566,94.042,15929,7.40E+08
1.5493,94.038,15858,7.40E+08
1.5421,94.035,15787,7.40E+08
1.5349,94.031,15716,7.40E+08
1.5277,94.028,15646,7.41E+08
1.5205,94.024,15575,7.41E+08
1.5133,94.021,15504,7.41E+08
1.5082,94.016,15454,7.41E+08
1.5009,94.012,15384,7.41E+08
1.4937,94.009,15313,7.41E+08
1.4865,94.005,15242,7.48E+08
1.4814,94,15192,7.48E+08
1.4764,85,15142,7.48E+08
1.4692,83.021,15071,7.48E+08
1.4641,83.016,15021,7.48E+08
1.4569,83.012,14951,7.49E+08
1.4498,83.009,14880,7.49E+08
1.4447,83.004,14830,7.49E+08
1.4375,83,14759,7.49E+08
1.4324,82.033,14709,7.49E+08
1.4273,82.028,14659,7.49E+08
1.4202,82.025,14589,7.49E+08
1.413,82.021,14518,7.49E+08
1.4058,82.018,14447,7.49E+08
1.3986,82.014,14376,7.50E+08
1.3915,82.011,14306,7.50E+08
1.3843,82.007,14235,7.50E+08
1.3771,82.004,14164,7.50E+08
1.3699,82,14094,7.50E+08
1.3628,66,14023,7.50E+08
1.3556,63.021,13952,7.50E+08
1.3505,63.016,13902,7.50E+08
1.3434,63.012,13831,7.50E+08
1.3362,63.009,13761,7.50E+08
1.329,63.005,13690,7.51E+08
1.3239,63,13640,7.51E+08
1.3168,58.056,13569,7.51E+08
1.3117,58.051,13519,7.51E+08
1.3045,58.047,13449,7.51E+08
1.2974,58.044,13378,7.51E+08
1.2902,58.04,13307,7.51E+08
1.283,58.037,13237,7.51E+08
1.2759,58.033,13166,7.51E+08
1.2687,58.03,13095,7.51E+08
1.2636,58.025,13045,7.51E+08
1.2565,58.021,12974,7.51E+08
1.2493,58.018,12904,7.51E+08
1.2421,58.014,12833,7.54E+08
1.235,58.011,12762,7.55E+08
1.2278,58.007,12692,7.55E+08
1.2207,58.004,12621,7.55E+08
1.2135,58,12550,7.55E+08
1.2064,47.253,12479,7.55E+08
1.2013,47.248,12429,7.55E+08
1.1941,47.244,12359,7.55E+08
1.187,47.241,12288,7.55E+08
1.1798,47.237,12217,7.55E+08
1.1727,47.234,12147,7.55E+08
1.1655,47.23,12076,7.55E+08
1.1584,47.227,12005,7.55E+08
1.1533,47.222,11955,7.55E+08
1.1462,47.218,11884,7.55E+08
1.139,47.214,11814,7.55E+08
1.134,47.209,11764,7.55E+08
1.1268,47.206,11693,7.55E+08
1.1197,47.202,11622,7.55E+08
1.1125,47.199,11552,7.55E+08
1.1075,47.194,11502,7.63E+08
1.1003,47.19,11431,7.63E+08
1.0932,47.187,11360,8.18E+08
1.0863,47.183,11289,8.18E+08
1.0794,47.18,11219,8.18E+08
1.0725,47.176,11148,8.18E+08
1.0656,47.173,11077,8.18E+08
1.0587,47.169,11007,8.18E+08
1.0518,47.166,10936,8.19E+08
1.0449,47.162,10865,8.19E+08
1.038,47.159,10794,8.19E+08
1.0312,47.155,10724,8.19E+08
1.0243,47.151,10653,8.19E+08
1.0174,47.148,10582,8.19E+08
1.0105,47.144,10512,8.19E+08
1.0036,47.141,10441,8.19E+08
0.99668,47.137,10370,8.19E+08
0.98979,47.134,10299,8.19E+08
0.98289,47.13,10229,8.19E+08
0.976,47.127,10158,8.19E+08
0.96911,47.123,10087,8.19E+08
0.96221,47.12,10017,8.19E+08
0.95532,47.116,9945.9,8.20E+08
0.94843,47.113,9875.2,8.20E+08
0.94154,47.109,9804.5,8.20E+08
0.93464,47.105,9733.8,8.20E+08
0.92977,47.1,9683.8,8.20E+08
0.92288,47.097,9613.1,8.20E+08
0.91598,47.093,9542.4,8.20E+08
0.90909,47.09,9471.7,8.20E+08
0.9022,47.086,9401,8.20E+08
0.89531,47.083,9330.2,8.20E+08
0.88842,47.079,9259.5,8.20E+08
0.88152,47.076,9188.8,8.20E+08
0.87463,47.072,9118.1,8.28E+08
0.86777,47.069,9047.4,8.28E+08
0.86091,47.065,8976.7,8.28E+08
0.85404,47.062,8906,8.28E+08
0.84718,47.058,8835.3,8.28E+08
0.84032,47.055,8764.6,8.28E+08
0.83346,47.051,8693.9,8.28E+08
0.8266,47.047,8623.1,8.28E+08
0.81974,47.044,8552.4,8.28E+08
0.81288,47.04,8481.7,8.28E+08
0.80602,47.037,8411,8.28E+08
0.79916,47.033,8340.3,8.28E+08
0.7923,47.03,8269.6,8.29E+08
0.78544,47.026,8198.9,8.29E+08
0.77858,47.023,8128.2,8.29E+08
0.77172,47.019,8057.5,8.29E+08
0.76486,47.016,7986.7,8.29E+08
0.75801,47.012,7916,8.29E+08
0.75115,47.009,7845.3,8.29E+08
0.7463,47.004,7795.3,8.29E+08
0.73944,47,7724.6,8.29E+08
0.7346,43,7674.6,8.29E+08
0.72975,39,7624.6,8.29E+08
0.72289,28.009,7553.9,8.29E+08
0.71804,28.004,7503.9,8.29E+08
0.71119,28,7433.2,8.29E+08
0.70433,19,7362.5,8.29E+08
0.69948,15.269,7312.5,8.29E+08
0.69263,15.265,7241.8,8.29E+08
0.68577,15.262,7171.1,8.29E+08
0.67891,15.258,7100.3,8.29E+08
0.67206,15.255,7029.6,8.29E+08
0.6652,15.251,6958.9,8.30E+08
0.65835,15.247,6888.2,8.30E+08
0.65149,15.244,6817.5,8.30E+08
0.64464,15.24,6746.8,8.30E+08
0.63778,15.237,6676.1,8.31E+08
0.63093,15.233,6605.4,8.31E+08
0.62408,15.23,6534.7,8.31E+08
0.61724,15.226,6464,8.31E+08
0.61039,15.223,6393.2,8.31E+08
0.60354,15.219,6322.5,8.31E+08
0.59669,15.216,6251.8,8.55E+08
0.58993,15.212,6181.1,8.55E+08
0.58316,15.209,6110.4,8.55E+08
0.5764,15.205,6039.7,8.55E+08
0.56964,15.202,5969,8.55E+08
0.56287,15.198,5898.3,8.55E+08
0.55611,15.194,5827.6,8.55E+08
0.54935,15.191,5756.8,8.55E+08
0.54259,15.187,5686.1,8.55E+08
0.53582,15.184,5615.4,8.55E+08
0.52906,15.18,5544.7,8.55E+08
0.5223,15.177,5474,8.55E+08
0.51554,15.173,5403.3,8.55E+08
0.50878,15.17,5332.6,8.56E+08
0.50202,15.166,5261.9,8.56E+08
0.49526,15.163,5191.2,8.56E+08
0.4885,15.159,5120.5,8.56E+08
0.48174,15.156,5049.7,8.56E+08
0.47498,15.152,4979,8.56E+08
0.46822,15.148,4908.3,8.56E+08
0.46147,15.145,4837.6,8.56E+08
0.45471,15.141,4766.9,8.56E+08
0.44795,15.138,4696.2,8.56E+08
0.44119,15.134,4625.5,8.56E+08
0.43443,15.131,4554.8,8.56E+08
0.42768,15.127,4484.1,8.56E+08
0.42092,15.124,4413.4,8.56E+08
0.41416,15.12,4342.6,8.57E+08
0.4074,15.117,4271.9,8.57E+08
0.40065,15.113,4201.2,8.57E+08
0.39389,15.11,4130.5,8.57E+08
0.38714,15.106,4059.8,8.57E+08
0.38038,15.103,3989.1,8.57E+08
0.37363,15.099,3918.4,8.57E+08
0.36687,15.095,3847.7,8.57E+08
0.36012,15.092,3777,8.57E+08
0.35336,15.088,3706.2,8.57E+08
0.34661,15.085,3635.5,8.57E+08
0.33985,15.081,3564.8,8.57E+08
0.3331,15.078,3494.1,8.59E+08
0.32635,15.074,3423.4,8.59E+08
0.3196,15.071,3352.7,8.59E+08
0.31285,15.067,3282,8.59E+08
0.3061,15.064,3211.3,8.59E+08
0.29936,15.06,3140.6,8.59E+08
0.29261,15.057,3069.8,8.60E+08
0.28586,15.053,2999.1,8.60E+08
0.27912,15.049,2928.4,8.60E+08
0.27237,15.046,2857.7,8.60E+08
0.26562,15.042,2787,8.60E+08
0.25888,15.039,2716.3,8.60E+08
0.25213,15.035,2645.6,8.60E+08
0.24539,15.032,2574.9,8.60E+08
0.23864,15.028,2504.2,8.60E+08
0.2319,15.025,2433.5,8.60E+08
0.22515,15.021,2362.7,8.60E+08
0.21841,15.018,2292,8.60E+08
0.21166,15.014,2221.3,8.62E+08
0.20492,15.011,2150.6,8.62E+08
0.19818,15.007,2079.9,8.62E+08
0.19144,15.004,2009.2,8.62E+08
0.1847,15,1938.5,8.62E+08
0.17797,14.097,1867.8,8.62E+08
0.17123,14.093,1797.1,8.62E+08
0.16449,14.09,1726.3,8.62E+08
0.15775,14.086,1655.6,8.62E+08
0.15101,14.083,1584.9,8.62E+08
0.14427,14.079,1514.2,8.62E+08
0.13753,14.076,1443.5,8.62E+08
0.1308,14.072,1372.8,8.62E+08
0.12406,14.069,1302.1,8.62E+08
0.11732,14.065,1231.4,8.62E+08
0.11058,14.062,1160.7,8.62E+08
0.10384,14.058,1089.9,8.62E+08
0.097108,14.054,1019.2,8.62E+08
0.09037,14.051,948.53,8.62E+08
0.083633,14.047,877.82,8.62E+08
0.076896,14.044,807.11,8.62E+08
0.070159,14.04,736.4,8.62E+08
0.063422,14.037,665.69,8.62E+08
0.056685,14.033,594.97,8.62E+08
0.049948,14.03,524.26,8.62E+08
0.043211,14.026,453.55,8.62E+08
0.036474,14.023,382.84,8.62E+08
0.031711,14.018,332.84,8.62E+08
0.024974,14.014,262.13,8.62E+08
0.018237,14.011,191.42,8.62E+08
0.0115,14.007,120.71,8.62E+08
0.0047636,14.004,50,8.62E+08
0,14,0,8.62E+08
